826570	2ca003a132b8bbac53fbb8ecb8fe799b2cfaf8d8	97f3c90d58abf3a6c1fe47683180a6479b6d1b89	wave=1	player=5	sileo=	webgl=3	progress=22
793342	2fa090665987e2675ce6acf9e5ce84d6cae240c8	e37bd90014452c645a9a7cff3df44f5bdbf63b9a	wave=	player=5	sileo=	webgl=3	progress=21
843071	43a0dbd4feb7090459320a362af82f9c3b28a322	9e1b47fb20757925301cc712e25024c6aabb3a87	wave=1	player=5	sileo=9	webgl=3	progress=22
793435	53e078619a5bda6ae3f7b17708862f4c87ed9933	eeb0ac6aafe0f7dc86a11a4b9d92b617c56bf6bd	wave=	player=5	sileo=	webgl=3	progress=21
820276	5bc0960e9ef352395a667c54dd24911d5fd34194	fb94ad9441053154340010ea4f96da3e1f5aee7c	wave=1	player=5	sileo=	webgl=3	progress=22
811412	5f207b9968e2e0f3444923ccf703ef6bb008318f	51f66c0a617f81702dc608e5eb97f800e29014d7	wave=	player=5	sileo=	webgl=3	progress=22
834737	66c03659c5c873b693e452df24810f1c519cacf1	87fc8ddf89992777efd0e1b7deaa9ac7a7aac724	wave=1	player=5	sileo=	webgl=3	progress=22
816211	66c0920196618c4c75d2049f7021b91b104100d6	0e535bddc15bf4d9781cd9a3877efac41cb26f15	wave=	player=5	sileo=	webgl=3	progress=22
794879	67200d50987119508f7c1bb6542afd2e8395c51c	ba18fe62bec4ae4f31d1cba1736919e00d282214	wave=	player=5	sileo=	webgl=3	progress=22
797815	8e00b2304748e48111ee79927e9c30ce88bb852b	da10441d969ace96424fbc372809320beeeaf3f7	wave=	player=5	sileo=	webgl=3	progress=22
823135	a080def03439e9cecdd3b594a4d3998c4d73a0a6	a75f0104faaa106c30f6dc62c8afa935a42dcb0e	wave=1	player=5	sileo=	webgl=3	progress=22
792613	a6a0165a69fb0a0f5a14f8d57ed03a535f7bdf2c	d514fcdcab01731e70c48d5ed44c12ec04daffa7	wave=4	player=5	sileo=5	webgl=3	progress=23
794689	a780af0a8a829209065676a4acf4aefcffd4e9cb	c47c8b83b66c504e12f8a655923235952fbe24a5	wave=	player=5	sileo=	webgl=3	progress=22
843071	b26022f976b71c3e847a9c07eaaf7c690223abed	061ef0e123ea150d204163e63c7f8e87de2a62bd	wave=1	player=5	sileo=9	webgl=3	progress=22
788533	bb4073e8bdd6be51a9b30156bba93dc22e1f52ca	2215a4002e560bbc02a0c6cb27f219076a15603a	wave=	player=5	sileo=	webgl=3	progress=22
812309	bd00f1298416d9cf280581e0d4ab36a506f618cd	86b3bd2456d8909bf0dfcb01f5e5d90f3e550bc8	wave=	player=5	sileo=	webgl=3	progress=22
834529	bf80f440af60e303f7781a73bcfbc9a64a62ac8e	295199d29f37bf62cc7be8f768751926e8b681b2	wave=1	player=5	sileo=	webgl=3	progress=22
843116	c080b5f95cc05120627d2c9064ea29abb01c3643	bb9076c74989472b8c4c8fdd51aab2845ad4d458	wave=1	player=5	sileo=9	webgl=3	progress=22
788533	c7e0a1948bb22f1853fa5d5672df77748efdfcc5	2215a4002e560bbc02a0c6cb27f219076a15603a	wave=	player=5	sileo=	webgl=3	progress=22
793550	ce00bb331d12ae9cbd83436f6658625e2f56937c	6c020ca9ebc70b66d60ff50affa796d1851cf224	wave=	player=5	sileo=	webgl=3	progress=22
839420	e240dd78287420fd7f69eadae2432a5ce58133cb	a850dfe31772e2bcd520b115733393d4d75f23ba	wave=1	player=5	sileo=5	webgl=3	progress=22
843116	f4000220137022dd4c894cddbb1ce6d709f11ca4	bb9076c74989472b8c4c8fdd51aab2845ad4d458	wave=1	player=5	sileo=9	webgl=3	progress=22
852681	f6c0bb49562adfa30e2ff3915f97cf5b105f94e9	2bd36126e050199d5c71e965214a488768d8b5d9	wave=1	player=5	sileo=	webgl=3	progress=22
835327	06a18f9afa05bb4171f9ad4934a94d44e58c7758	2811a285273f4743b152cc4d3879f6429903038d	wave=1	player=5	sileo=	webgl=3	progress=22
811552	1fa11692669823f379ec92b375a5bbfaa7b95260	5840f284cad2415077a3450dc5ba4012a8fc7b1a	wave=	player=5	sileo=	webgl=3	progress=22
788533	4301eeea9832d48de03facc1287f72c8681c531f	2215a4002e560bbc02a0c6cb27f219076a15603a	wave=	player=5	sileo=	webgl=3	progress=22
811732	47415633bea4964b5c83d64ca0290aa91ddb558a	2eb2df5f75c0df160b3d9e0841737afef1dd5d30	wave=	player=5	sileo=	webgl=3	progress=22
798717	4ac186909eb8b20017c348a3362d5a5517cbdaae	34ad7740fded8cdd67aebb202c473f0dbd14ba37	wave=	player=5	sileo=	webgl=3	progress=22
840074	4b01ef80589e6c966c04226f9f6ae399608a45be	6a01a8cf63b18fcf6b8a59b592ea2bcd0edaee97	wave=1	player=5	sileo=	webgl=3	progress=22
789524	4f81a296937ec80dc1d036daf822040a160fe1cc	9892bb1691d01ad04ca244f0531bf607f91667b9	wave=1	player=5	sileo=	webgl=3	progress=
855117	508101b92c830616d086d8b424a7be3f26b999a4	30822009c1813b6ff53d0f260c4f09f2ea85e2c6	wave=1	player=5	sileo=	webgl=3	progress=22
813513	5081112478e717259d2b3933d9b6837d01b2a97a	8b151eea4153a22488d68bf91005d418d71f5faf	wave=	player=5	sileo=	webgl=3	progress=22
821592	8fc1a0c2e5ae56cf1a42a94fd3dd45d8646cfa01	1eeca72209e4abae9879421dbc219533e221ab98	wave=1	player=5	sileo=	webgl=3	progress=22
790173	9ac1b80dc512154616bf23d50f9e565521c10243	732402b2dad5b9897369214c9f9ba1ad578b5637	wave=2	player=5	sileo=	webgl=3	progress=
852663	9b615c8c0ad6c0e28ea21a69d90e6b21f67a5c59	781b4afa931ea91bfa8dc43cd165e6199ffe66af	wave=1	player=5	sileo=	webgl=3	progress=22
791472	a6c17b4e6071a6715b5bd0c442b3509459733ec0	e27d4a2dc6cdb5b27f83196cfe113ea639f1aefc	wave=	player=5	sileo=	webgl=3	progress=19
788533	d041cd6441770a727e4e5e4d61dfb95c0d150bbb	2215a4002e560bbc02a0c6cb27f219076a15603a	wave=	player=5	sileo=	webgl=3	progress=22
788533	d4217242b63c4582e13d78c8a2f0108a42eda35b	529781a6ce8196fb2bf9c2f04f2fc507950735de	wave=	player=5	sileo=	webgl=3	progress=22
788533	d8c12d34c753eedb6dbc662e314f4d371d1840bf	2215a4002e560bbc02a0c6cb27f219076a15603a	wave=	player=5	sileo=	webgl=3	progress=22
855484	f7c1902577119a11967777817e592e30cb80afe3	b450e8759f0488bd9090340e79689697521f5c99	wave=1	player=5	sileo=	webgl=3	progress=22
796200	0882d73570e4ac68bd75a6a88b0857d015c4df3b	ef65c76c650bcf4715f89639510a8e6a2193b796	wave=	player=5	sileo=	webgl=3	progress=22
843116	1342668c3d2cad21fca4af97c9cb330d01c076e9	bb9076c74989472b8c4c8fdd51aab2845ad4d458	wave=1	player=5	sileo=9	webgl=3	progress=22
820834	38025aca0902d89f7a33453faa818d25394a38fe	2388429bc626220bb6627aea68e58af899f57d4f	wave=1	player=5	sileo=	webgl=3	progress=22
809385	39c2df71034244d929a2fba849d36410bde7e94f	d46cbfef622097a367e2018f58eeb330032bf17d	wave=	player=5	sileo=	webgl=3	progress=22
843071	56020f9d3facbff8331fb207d756305555099ff0	061ef0e123ea150d204163e63c7f8e87de2a62bd	wave=1	player=5	sileo=9	webgl=3	progress=22
788533	664239562c96102969eec4fb1429ad28f75f59f6	2215a4002e560bbc02a0c6cb27f219076a15603a	wave=	player=5	sileo=	webgl=3	progress=22
841359	7a82382c9a7678e3316695d3873907c9696dbfb8	edd8aa756054dc72edc0e98d05e63989dd2b4028	wave=1	player=5	sileo=7	webgl=3	progress=22
852931	82a2bfc6048f75a78aa62a4a89ec0d0ecd029b5f	a75fd6532ee75af5287bb463c58322a14566ebde	wave=1	player=5	sileo=	webgl=3	progress=22
833462	9b82faadc52c33f321a1f5330026d3a1de000034	c79817c02c7b51b5f05d8642c9822dbf74b7fdfd	wave=1	player=5	sileo=	webgl=3	progress=22
810125	c6a2d32e90f3c5b17b3cc3ab3e2505d06ffe2709	0a66751c05470e875199c30ea1deb99d202778c8	wave=	player=5	sileo=	webgl=3	progress=22
843071	cae2d2bb80601f7f85874a27b834af3d4db3ff97	9e1b47fb20757925301cc712e25024c6aabb3a87	wave=1	player=5	sileo=9	webgl=3	progress=22
843116	e422874072bea70d5dce07a00be3eded1d42f6bb	bb9076c74989472b8c4c8fdd51aab2845ad4d458	wave=1	player=5	sileo=9	webgl=3	progress=22
822157	0423f66475cd0ca9747f451383ee10deb1c6ff68	cc4314cdd7ba830b8fda87abc3ba665d6bd35cf8	wave=1	player=5	sileo=	webgl=3	progress=22
789862	20c364258dc62c650d5d6de50afc09445386ce2c	3eeeead6d3721f3c37d238f2ffddbd6c65d52ed2	wave=	player=5	sileo=	webgl=3	progress=19
788533	23c315e17b2cebe3dff32772310fc6910087e5f9	2215a4002e560bbc02a0c6cb27f219076a15603a	wave=	player=5	sileo=	webgl=3	progress=22
797915	30231eedc4ac51cb8d3c850877778562f367671d	bb0f2978fcac3f5006d37954f4cf941a9d229633	wave=	player=5	sileo=	webgl=3	progress=22
788533	3a63f5f633ffad9899c7ff1c807f0037035da3da	2215a4002e560bbc02a0c6cb27f219076a15603a	wave=	player=5	sileo=	webgl=3	progress=22
788533	4e23e0a1b790b771dedcf1a492220d2539261b96	2215a4002e560bbc02a0c6cb27f219076a15603a	wave=	player=5	sileo=	webgl=3	progress=22
788533	80a3d411f8b9d5482425867ffe4030f2d65a8e15	2215a4002e560bbc02a0c6cb27f219076a15603a	wave=	player=5	sileo=	webgl=3	progress=22
788533	8de30f64e180af7393ebca62302fe4ab4ab13391	2215a4002e560bbc02a0c6cb27f219076a15603a	wave=	player=5	sileo=	webgl=3	progress=22
788533	8f43ce24810fe591a14aabb05c79174d4b748ce4	2215a4002e560bbc02a0c6cb27f219076a15603a	wave=	player=5	sileo=	webgl=3	progress=22
831528	97431bbcc8d2c5711bdfebbec8ec6c7574f8a4fb	0bfe8a5210012f223a1f4e68797304fc8feeb6a3	wave=1	player=5	sileo=	webgl=3	progress=22
843071	a4c35ee3d4cc6b472f385a0a2cb72559bc3090f2	4e98c5c466d404019603b43ece3a50ebd1cec38c	wave=1	player=5	sileo=9	webgl=3	progress=22
844138	ce2307ec9c378eeb0adf1c46ffe7ac8fcd438666	97da81026cfa701bf2773d2706b73a9e63412e84	wave=1	player=5	sileo=9	webgl=3	progress=22
788533	e8c345132846b43205d1d1f494922f32c79b923f	2215a4002e560bbc02a0c6cb27f219076a15603a	wave=	player=5	sileo=	webgl=3	progress=22
839420	13441e1a72f1d0e0fcf26f088936b4ff34e98bc8	8a5122f7973346971912a1716a65e2684fe65f95	wave=1	player=5	sileo=5	webgl=3	progress=22
797980	3964b42898945c76e877a214027c26e9a64cc3a6	c12051f69b2d31435edeff7b70b640d4aeac8990	wave=	player=5	sileo=	webgl=3	progress=22
809854	51042f4a5340ca61cea5996e756552bd754e0a4d	9b944f26d5e2c81bc9ba436490138395a9e28aae	wave=	player=5	sileo=	webgl=3	progress=22
791472	65a4d608212af3e11bfc5837725551474ea61455	e083da5f850ce1407b8ae30b3224f7211d84a57a	wave=	player=5	sileo=	webgl=3	progress=19
788715	6d8418161b2c1dff923b3f0f3735fd05441c1f14	afa594cb1b26828ffb3088649eddcb212290a7d9	wave=	player=5	sileo=	webgl=3	progress=19
816719	74a43be01614da0f11ddba125ac62fa2a2b5daae	6a0263a3699d15dfbb08b64eb943de2226756241	wave=	player=5	sileo=	webgl=3	progress=22
842434	76e44d8eabe80e0564fe0d5a5f5aac9fb8291bd9	190f994dad775a3a0e215af0347ba4c473a66ec4	wave=1	player=5	sileo=7	webgl=3	progress=22
816210	7724362e995dfde4dc3efc41bfeac8eb3fc5dec2	a8b331b2517a9d8c86e6ec03722066112d56192e	wave=	player=5	sileo=	webgl=3	progress=22
842687	7ca47845582fc18a8dcc44132d0212e52f63b7e3	39612391913dff35844e601c530ac29e2a77cdff	wave=1	player=5	sileo=9	webgl=3	progress=22
852886	7c24907df5983d1e69eaa2526ddccb49f1d1fcd2	cb9629b1b2c748c5fe552be4b708a52a7476e79d	wave=1	player=5	sileo=	webgl=3	progress=22
853084	8464ab93c97f8ee0c8ea2b7553273b0df6fd0242	ce6975922c694e8afcd6d33ed722bdd3446358a4	wave=1	player=5	sileo=	webgl=3	progress=22
793906	92245f078aa3d31cf426a448a9d15c9de8d09c72	a8c71be5590f5028ad8da48c8931b4c27d1778cb	wave=	player=5	sileo=	webgl=3	progress=22
842434	9cc43a5debc0ea6deb9559727fa45d1acb7d3657	190f994dad775a3a0e215af0347ba4c473a66ec4	wave=1	player=5	sileo=7	webgl=3	progress=22
797925	9cc44571486e838b4624e5a91948a6ac363d7df9	5afcfe6ab75fddff8ee83bd923d7f4e64044bea9	wave=	player=5	sileo=	webgl=3	progress=22
797811	9e24b118a71c277f63a7216f69f1cd6cfa0c9154	f2134bc055f9d4acaa43b4030f3f3bd2502c8c97	wave=	player=5	sileo=	webgl=3	progress=22
816741	9e4474874a446791689a58d92da844fe32bd3c50	1c0f5af37e2de484e82e1e58bc18654bb7f8d44d	wave=1	player=5	sileo=	webgl=3	progress=22
844886	ba847d2f72112bdf2c8039b4a14efee92d9df39b	0427132771cb6c73143bceaa992e88da98be9c05	wave=1	player=5	sileo=9	webgl=3	progress=22
843071	03654af02253fb4af38b1ba59a2df5ea824d1c25	5bbe8f83850fbe475d277383bbe2ca8a06a5af63	wave=1	player=5	sileo=9	webgl=3	progress=22
843071	5b85100248d33384875d59fc3fcc8129c2f2d9e9	35ec758e1c8f3be80883af499cb9fab096738dca	wave=1	player=5	sileo=9	webgl=3	progress=22
855330	5cc5756bac962552d38957fc3484712aa7b543c8	bc89e94b0f32c40b1c8459d95b33230f9086abe9	wave=1	player=5	sileo=	webgl=3	progress=22
789865	71a552af79cca9eb55f09b8d7481efb0f88aabc8	e135fb28c1a01e06f3c764f92caf4b37968a2c02	wave=2	player=5	sileo=	webgl=3	progress=
788533	7965d5b69bfc76b3c026159322f86764eb5a50ab	2215a4002e560bbc02a0c6cb27f219076a15603a	wave=	player=5	sileo=	webgl=3	progress=22
798181	7aa5fe1799261f98762f5d4c3157ef3a25c36ec4	9dd44f3a18365546654b8d3e557e846836642710	wave=	player=5	sileo=	webgl=3	progress=22
790377	8ea511780b1f3dd35f42cb837e3fac317b819c67	29c8ed8b4e2a05185c6f928f8955e1a60863d496	wave=	player=5	sileo=	webgl=3	progress=
811649	92250027f8011d86c707fac190530b72c21572b6	3db16a1580dc5a9e63e9c6e0060fc34ad3483ef4	wave=	player=5	sileo=	webgl=3	progress=22
843116	96e52caaec657e1f5df8ecffb585dcc2418b7e43	bb9076c74989472b8c4c8fdd51aab2845ad4d458	wave=1	player=5	sileo=9	webgl=3	progress=22
843071	9f65d855792ac00498cd288cc8e6b85ab0ea1937	4e98c5c466d404019603b43ece3a50ebd1cec38c	wave=1	player=5	sileo=9	webgl=3	progress=22
787033	a2253464a2719c98055a6946c35de1f2934a0e98	be3e6074459961275a3a9200d2177658ff869485	wave=	player=5	sileo=	webgl=3	progress=12
839420	a3c53ac508c126ce03ab4b0fbb0ecee0aa2c4767	a850dfe31772e2bcd520b115733393d4d75f23ba	wave=1	player=5	sileo=5	webgl=3	progress=22
788533	a82511f74f28f36c12831f4ff443fde07f20cf9e	2215a4002e560bbc02a0c6cb27f219076a15603a	wave=	player=5	sileo=	webgl=3	progress=22
844614	ab85e8b7147b93d77eb9aed25cb984dfde7949f3	6464783a0bc2891c02ec5d66f175e0010d272fa8	wave=1	player=5	sileo=9	webgl=3	progress=22
788723	bd65646aa8ebcc4e7b9f731d9faeec236bede0e2	574d9a27784ab444092e42d8c9107e7a4fdb8ed3	wave=	player=5	sileo=	webgl=3	progress=19
801327	be058baef23eb8282a44e0b5e42d5cbafe9d510c	681454c966c558beb2e36167782de355c20af8d6	wave=	player=5	sileo=	webgl=3	progress=22
793455	c4a55e658763015f68e30c684ec63e178777558d	b1b447fbf6f16b2d96d1957b425825b1a4fda237	wave=	player=5	sileo=	webgl=3	progress=22
808139	e9c5681f8075dc718ba3017420cf4a1d73d271a7	4c7e147607baa80bd9926405f98c3764f3d32651	wave=	player=5	sileo=	webgl=3	progress=22
852901	ed05845cba6107e065d72e5c189ba0583596ea3f	1667289b7f28831cf3f321bacb4cad6bddaa1cff	wave=1	player=5	sileo=	webgl=3	progress=22
788533	130603308eeb6bf20828c4d6fdeda85c5463288e	2215a4002e560bbc02a0c6cb27f219076a15603a	wave=	player=5	sileo=	webgl=3	progress=22
842359	2206541720ae9707bb4d6950aa153aefa703c52c	b074c4bbc1003db835f8f99d386e004ba157a8d9	wave=1	player=5	sileo=	webgl=3	progress=22
835375	26c6eef67d7632754abf7fc2e1175a10294a29b2	5e90c949f467a5dfeedbd81f4018a8a91ec53099	wave=1	player=5	sileo=	webgl=3	progress=22
808244	33868da4423368f0319848100955ccae2bc00112	66e22e285eb66204b3041ec9f64f6205ef298966	wave=	player=5	sileo=	webgl=3	progress=22
841359	51268a062cca97cc2bd608a041a0c4176901b6df	edd8aa756054dc72edc0e98d05e63989dd2b4028	wave=1	player=5	sileo=7	webgl=3	progress=22
841473	734604157cfd38a7fad9b3c5b7795d1dec58dd6c	8c8d79ef5fa5710b161612824d515f245abc0e27	wave=1	player=5	sileo=7	webgl=3	progress=22
812380	844679231093a96c075d6c6ac214a8f3add9fd53	dc73a0d3842c9239dbbaab1d6936a41f8570c8bb	wave=	player=5	sileo=	webgl=3	progress=22
790991	9d66d68eff11dc31e3ae9cd0d9b812e5c59e5861	b8890835692d5186723ba75623a66ca44e6cb7e0	wave=	player=5	sileo=	webgl=3	progress=20
789971	b506efdffb7d940d6145ab6c93c7cd2da7467e1f	27262c5d8f06a08801f938c9a4230aacdb20812a	wave=4	player=5	sileo=	webgl=3	progress=
843116	c206bc849f16cb095c38ab8f3e67e30e2a51a8f1	bb9076c74989472b8c4c8fdd51aab2845ad4d458	wave=1	player=5	sileo=9	webgl=3	progress=22
843116	ca86a0c61d837d43f6ff282f662d95bb5639ff08	bb9076c74989472b8c4c8fdd51aab2845ad4d458	wave=1	player=5	sileo=9	webgl=3	progress=22
812570	cfe66466107c01fe3bb7d1df222910fe9ecebc4d	4c6b35cb6001e50911a20d243491b8b4dad7e073	wave=	player=5	sileo=	webgl=3	progress=22
797863	e086da6edd147e5ab4aaef7c00bc95ff563b4600	f2a746cce286b76e357854ffc0eb8c07c12b9b8b	wave=	player=5	sileo=	webgl=3	progress=22
793639	f086f2b46bc6b6bfe97c6059f2961769acb89004	d2f9bdcebbd38d9dc2354fc61503e67d30eac16c	wave=4	player=5	sileo=5	webgl=2	progress=
843071	f4c6181bca3a39a6aa3c07cdf5e112ddcec3ea2d	1882d9085256593492a60c9ec8b423bc4be8729c	wave=1	player=5	sileo=9	webgl=3	progress=22
788415	f866fa065bfcf2c126fa59bb79a15b172b98b03d	263550f3f7f3fc5372d7eff1ace534399eac3340	wave=	player=5	sileo=	webgl=3	progress=19
840389	0127465737a00dae3b7abdce7f26ed90de2ea8e3	92497fa3fb0dfdbc1a99874440f3d06fb22f9033	wave=1	player=5	sileo=	webgl=3	progress=22
825026	02873fef1062794c3dd47ff3e05e452682867fea	c5519e2ce916a5b2ff0cce4126de2b5368daab86	wave=1	player=5	sileo=	webgl=3	progress=22
795440	0fe72c278dcb06200f5d72f04ab6b7065aabf472	4e28fdd85c90628bab10a9f2ba1237355cee7936	wave=	player=5	sileo=	webgl=3	progress=22
807206	2e67dc5548b24cd9de4859a99e6f55cfc8c3aa07	2568af599c5a1f8eb31c4a13100c8c59a852b230	wave=	player=5	sileo=	webgl=3	progress=22
846447	33e7d35a072b149acd64facca1af6892bf43ee1d	30dfdd0a2c78c2036810603898fa4c4f08e6e87b	wave=1	player=5	sileo=	webgl=3	progress=22
841359	4207227697748e7993bd35bb5a3d0ed01d30ce0a	edd8aa756054dc72edc0e98d05e63989dd2b4028	wave=1	player=5	sileo=7	webgl=3	progress=22
840288	8c47ddbbe872807dd58a3a88e387c5b8b3ff25f4	28f5a105bd2b37352cd355cb9c7940b645ed5c6d	wave=1	player=5	sileo=	webgl=3	progress=22
788533	8e4794e4fd8fd5712af172bbc97e83d51614707f	2215a4002e560bbc02a0c6cb27f219076a15603a	wave=	player=5	sileo=	webgl=3	progress=22
841359	b08712ff0706c91d052a119ac3a7ebe052b83591	edd8aa756054dc72edc0e98d05e63989dd2b4028	wave=1	player=5	sileo=7	webgl=3	progress=22
853070	cac7b3e6c56fe0f8b5f3ba0631419aadc2ddfde5	ed741277def02cbbba575188fe2a587e402d3c1d	wave=1	player=5	sileo=	webgl=3	progress=22
788533	cf672fb49bce7167cafd65ebd33629b3d522568f	2215a4002e560bbc02a0c6cb27f219076a15603a	wave=	player=5	sileo=	webgl=3	progress=22
822737	f407cd2670b07db00144fb713315993dae8690c0	970aeaf854aae69aa59ff96a0bc3cc038b1979d4	wave=1	player=5	sileo=	webgl=3	progress=22
813311	0ba87c5b09b09fe4e5c08f00258872ea0d382bb9	a088fb34d633cc292c91dbc6afcabd0b70ac3a4b	wave=	player=5	sileo=	webgl=3	progress=22
839420	0ea8f7b90ac2cbbc5de49795839e6b0f5e3fac56	8a5122f7973346971912a1716a65e2684fe65f95	wave=1	player=5	sileo=5	webgl=3	progress=22
843071	420886e7e809a5ca9b61b678b432d9b74ccd40ad	b4aac840a1663daadf2b47b06cf59a312f5c75bf	wave=1	player=5	sileo=9	webgl=3	progress=22
797844	63e8075bf9f6a81fca4d87a207e1e8e6dc46fedc	f8a32ca1412ae2d2bfad87fb78e6b5daee381da0	wave=	player=5	sileo=	webgl=3	progress=22
852683	76e8b560b86a80fe09ddf25dfe2444edf4f0aa04	77935fcd1b9ceed2a7521d1280f91d53b6477e24	wave=1	player=5	sileo=	webgl=3	progress=22
844886	864887abbe3518f2566ba1870bc1072a01ef7bf0	0427132771cb6c73143bceaa992e88da98be9c05	wave=1	player=5	sileo=9	webgl=3	progress=22
834333	91488b5505cddab901f691a06cad753e6f54905f	857c0e5ece132b1f865b044e36d8ebf51aa5e3e5	wave=1	player=5	sileo=	webgl=3	progress=22
793480	a128978b6f29755f0c2e46b31993d61b166cf620	305139c29c2c5bd62c1460a5583c954608964111	wave=	player=5	sileo=	webgl=3	progress=22
793654	ab28a0309fc839bae325b0d40eb4da4ed5187c87	b91dc3eba5463c9ebf183ecc0c6c2fa69cea5824	wave=1	player=5	sileo=5	webgl=3	progress=
850056	c928b4584b8d84030ac0dc0a61581c5cfd1a6655	3ad494fa61cd0b32ffa714d4ad29b0cbde140862	wave=1	player=5	sileo=	webgl=3	progress=22
793292	e328c8f44e308c3e29ef10a18324e021ef912a60	24c98db02633fe457e7480b6cadbd6f99da02528	wave=9	player=5	sileo=5	webgl=3	progress=27
852130	052998ad055467f3471df2eeb8ff443b80e5afaa	1ff32b7d53d87d1e08f181621ba0def7b57aa9cf	wave=1	player=5	sileo=	webgl=3	progress=22
796346	22098b232bdb1b3d1ba11e3780682ff8f6852fd5	4261ae3b60274181a4698ca8ae30822335d76df7	wave=	player=5	sileo=	webgl=3	progress=22
839420	26696c27ab0d2c34b08db52e06b1cbdd31f35624	a850dfe31772e2bcd520b115733393d4d75f23ba	wave=1	player=5	sileo=5	webgl=3	progress=22
834753	2be94cc71aba752b6edec00bb0326908fb606fdc	2f6b6376407955bcd78e92a73f04dcb5cb473163	wave=1	player=5	sileo=	webgl=3	progress=22
853070	48093c71c1718bbaad892dfef3196dfa9ff664e9	770f2725d3f49bf1d4f00d71f450bf97ec9facd5	wave=1	player=5	sileo=	webgl=3	progress=22
832532	5029ad7bf2fbc3a0213dc56f3696d8f682e6a588	b416bcc2646d893f022c7708c82663cc12835c0f	wave=1	player=5	sileo=	webgl=3	progress=22
810283	67e9a62b6e813d88e8ed211d909d8eb961cc27fc	7001731f52199c78250a7b2006a723c57ec75eff	wave=	player=5	sileo=	webgl=3	progress=22
794760	682963e2006cf18473d0d8faa4b3c2a72648e01f	ff12597798c9900984f90ebcc106fef309525943	wave=	player=5	sileo=	webgl=3	progress=22
843116	6e0905119e6e6df23962576206d11432d1a32255	bb9076c74989472b8c4c8fdd51aab2845ad4d458	wave=1	player=5	sileo=9	webgl=3	progress=22
842434	6e09e8f6e487fd72c4d6548b579db7a2c358b4b1	190f994dad775a3a0e215af0347ba4c473a66ec4	wave=1	player=5	sileo=7	webgl=3	progress=22
841359	74e937b5b388c814e7944f250640caef31b06203	edd8aa756054dc72edc0e98d05e63989dd2b4028	wave=1	player=5	sileo=7	webgl=3	progress=22
836812	79a9dd351eb5518355473bcb223156e2b9aa6fd5	aea79fd132d735aaba70fd794f16ff065c30f078	wave=1	player=5	sileo=	webgl=3	progress=22
843116	96a92f11ba87515b876b1eb98fb7d15e4492d40e	bb9076c74989472b8c4c8fdd51aab2845ad4d458	wave=1	player=5	sileo=9	webgl=3	progress=22
841359	cb69a89c87cb2072b4bd7cb4b0d9439939cf0e4b	edd8aa756054dc72edc0e98d05e63989dd2b4028	wave=1	player=5	sileo=7	webgl=3	progress=22
812384	cbc9de99ed9cc3a68f1801dca094459d9efb1d06	9dc1efb990bbce69d74fe70a89cbf11362e24203	wave=	player=5	sileo=	webgl=3	progress=22
830262	cc698c12f08328dc329ac4656124a46836497c67	c83b9831005728f09360ac9326c11d82c237bb0d	wave=1	player=5	sileo=	webgl=3	progress=22
821442	dc6956a04491d338d109fc9413761e1f1ac686aa	954700d63743b67c529b830a1f01d11b9924b7f3	wave=1	player=5	sileo=	webgl=3	progress=22
803487	ebc9d3e71aca254af0d4590aa1ddb56556332084	fa63423cf79ab01e1b72e1bfb3b64176a33aec03	wave=	player=5	sileo=	webgl=3	progress=22
793373	f209e1dbde00c507a82eb73a2996b3cec6d61d34	04b910a1055b456a611f4892415e5aaadb90c357	wave=9	player=5	sileo=5	webgl=3	progress=27
839420	fdc93b15381b506469a4ae544e72cb8534467fe5	8a5122f7973346971912a1716a65e2684fe65f95	wave=1	player=5	sileo=5	webgl=3	progress=22
839982	4e2ae8b61e9c5e48bc2d0e61d3ffcd6391b41ee2	7b423b8345f27843019e8febf7530cd0056197e1	wave=1	player=5	sileo=	webgl=3	progress=22
797672	884aab297a2e353b6d19d2247af89f07e02cd524	b3301585ca4ddc563fa06f5726b1d5699af9a598	wave=	player=5	sileo=	webgl=3	progress=22
793639	8c2abd23b68cd1772da35c29b3d05ea1779b23a2	724272c687d9489bbb9948236472e8557194ff5f	wave=4	player=5	sileo=5	webgl=2	progress=
794757	990a4e277164253f7ef54f702b54a6ff78c1ca6e	9e3eaa7be3a266f102fb5a2e86e267ca7c0a5860	wave=	player=5	sileo=	webgl=3	progress=22
843071	9f4a674c5cacb292cf1011a53fe481b574ea5554	4da312fc5f4c94d300014adef251b8e955a9c40f	wave=1	player=5	sileo=9	webgl=3	progress=22
843071	d5ea213c42e8ab87bddd089ebd6f38e1c70f356b	1882d9085256593492a60c9ec8b423bc4be8729c	wave=1	player=5	sileo=9	webgl=3	progress=22
843071	d6aa5859b19fa4db575e53ba22a85b2405c173f6	35ec758e1c8f3be80883af499cb9fab096738dca	wave=1	player=5	sileo=9	webgl=3	progress=22
788533	e12aa7ce238865ef628696917a0d75702a2a09e6	2215a4002e560bbc02a0c6cb27f219076a15603a	wave=	player=5	sileo=	webgl=3	progress=22
842687	e14abaae6c5424e3ee57e4e72239d64b525e7568	8548f6eef58b266154ac0e780748636f6081ad23	wave=1	player=5	sileo=9	webgl=3	progress=22
689251	feaa0ca748780e42e3d6315a833fe32ca43047f9	ff8fa72b3f9f7dd6b79cf3eacf5e771adc3837bb	wave=	player=5	sileo=	webgl=	progress=
793317	042b0beacaf4d881ed6f8f6b850a6d48c97c98b5	dc6b8bb96894b1b2fdf47b94f1076ece47b0f581	wave=4	player=5	sileo=5	webgl=2	progress=22
841359	3bab8eaf5a1ccbd90c19f99fd59185eda188e829	edd8aa756054dc72edc0e98d05e63989dd2b4028	wave=1	player=5	sileo=7	webgl=3	progress=22
842687	3e2b61057f892e83d49c0963034e1bed878c43ec	99a168574d2dd2a9fe8330e06d769beb82a1f0d5	wave=1	player=5	sileo=9	webgl=3	progress=22
843116	650b2b9ebe493c5eae8c5d68d13f7a4715114bed	bb9076c74989472b8c4c8fdd51aab2845ad4d458	wave=1	player=5	sileo=9	webgl=3	progress=22
831053	7cab59bf7319f319182c61da4ba5b38d9ce93001	80d44a8b702dd6b5db863a2ac198029efc17aa77	wave=1	player=5	sileo=	webgl=3	progress=22
843071	7e4bd65358a776e7df9dfc311c70b3d49a8a15e3	d8239d82f91435b14c490d6d7fca9148f9c3d81e	wave=1	player=5	sileo=9	webgl=3	progress=22
788533	898b5e22a1e53fc36bf6b28356e8da4c1bc175b8	52df2ffb825ffd3be867ad94d1e466d148e2bd43	wave=	player=5	sileo=	webgl=3	progress=22
793843	a4cb23fd4e687a98386e00f8376dabba6f6ba073	f7797cfd9c3249b17909b3ebabcbc7ebdd6f47ce	wave=4	player=5	sileo=5	webgl=2	progress=
844886	b5cb4b54555ac3c5f269727661823e7892197e5b	0427132771cb6c73143bceaa992e88da98be9c05	wave=1	player=5	sileo=9	webgl=3	progress=22
820713	ebcb143110b83653d51d95578947185cf1ced148	264d1dd658f210c45690f571c5b6e44af787d813	wave=1	player=5	sileo=	webgl=3	progress=22
843116	0f8c13e58a1c80e03601d3e9ca5f0587a0f37c0f	bb9076c74989472b8c4c8fdd51aab2845ad4d458	wave=1	player=5	sileo=9	webgl=3	progress=22
841359	40acf79a8c32c336c8ca86c462e71f71ed4a933b	edd8aa756054dc72edc0e98d05e63989dd2b4028	wave=1	player=5	sileo=7	webgl=3	progress=22
795198	44ecc6e8ed8da8319eddee80fcdf449849afa22a	44a547b102f960af10a230ce8f1442ec06238c9e	wave=	player=5	sileo=	webgl=3	progress=22
843071	6e4c8a26cb88439e92b01bbbdf495dbcaa1c1ebe	4e98c5c466d404019603b43ece3a50ebd1cec38c	wave=1	player=5	sileo=9	webgl=3	progress=22
842687	770c59b4648de7538ac31a5f2c52e2751475d422	e402df7ec6c7eae5efd95f8912457cdfa3041445	wave=1	player=5	sileo=9	webgl=3	progress=22
842687	8a4c85573a3d8c603cbfc80228788925abadad51	c76e02d07f16a55d7e0fcaa118d62cb25c92c2b7	wave=1	player=5	sileo=9	webgl=3	progress=22
844886	998cda5c27ca47d17049376b29d48758215963e2	0427132771cb6c73143bceaa992e88da98be9c05	wave=1	player=5	sileo=9	webgl=3	progress=22
794747	cdecf1f99acb0b219c2cc622df7826bbe437e6ad	86558c7d2dc0eb1c2f7661433fdc0d2552d2212c	wave=	player=5	sileo=	webgl=3	progress=22
809760	e0ac90977b26c10281daf3b1aef27c9f8a238528	70460827e022feaf76efc78927c31d348d35d26a	wave=	player=5	sileo=	webgl=3	progress=22
834548	e8cc05a26147515cd67125295b4bb82bb5ef47d3	7bdcaf8404c89c1918a717e5046be1d1c2669171	wave=1	player=5	sileo=	webgl=3	progress=22
848933	ed8cb70c2b6e0b6bdaf817f112bcb26acc73bdc4	c3baf3ff516b8238371a5e71538ef9a3d85d4114	wave=1	player=5	sileo=	webgl=3	progress=22
819917	0e4d874f9bbce8e0dc9643ccd47af4b5c9d6caa9	b7c0e8a07a22cb4b93afd323b342f698544fcc2d	wave=1	player=5	sileo=	webgl=3	progress=22
852806	12ad9d6e16c46ef3bbd0b4cdfa1775ac869d0a5b	b488faec28ffd290c3d05f854ced92ea368e0ca7	wave=1	player=5	sileo=	webgl=3	progress=22
789184	330d81b57a569717fc099378db8fb5af2dd8a98f	f609e1d5e144e1ea3bfeee99f932fad2ed9b4d5b	wave=	player=5	sileo=	webgl=3	progress=
842687	8f4dd42765efa5443ea86a5cd2ce72a5af1a342b	39612391913dff35844e601c530ac29e2a77cdff	wave=1	player=5	sileo=9	webgl=3	progress=22
797253	be2d20f7f5a448c17bdf882fbd1616967229b17d	f7a1af0fa3cd7df00dca629b62680b9e14ea7c47	wave=	player=5	sileo=	webgl=3	progress=22
843071	ccad39305bde6f662dfe96d5269db44e8bdc54dd	3d38155eba89fc6e231c5afafd0cc43349948da1	wave=1	player=5	sileo=9	webgl=3	progress=22
843116	ce0dc526054249cba14e5ba29e18ac23d97bd71e	bb9076c74989472b8c4c8fdd51aab2845ad4d458	wave=1	player=5	sileo=9	webgl=3	progress=22
692273	01ee78acefb7a4505a8d68491e69168f2078cce7	d13ecb68905ec63499e82bb319f5671b1fbd2438	wave=	player=5	sileo=	webgl=	progress=
841118	0f6e32afab33a28eedef09afc44892da8a9bf897	2d4628fe31f221df8d66e9852cdc33c5ace52457	wave=1	player=5	sileo=	webgl=3	progress=22
797802	192e79089bfd2a57f0c8daea4f6d1afb6ed4603f	25ae79550d12ba372ca210a6e6fe4713685c8571	wave=	player=5	sileo=	webgl=3	progress=22
844886	1eee1eb5a38438786c76e015fd24c2f1e7044548	0427132771cb6c73143bceaa992e88da98be9c05	wave=1	player=5	sileo=9	webgl=3	progress=22
843116	39ae7ab66764d148cf2172f5b75982ed2bf53dee	bb9076c74989472b8c4c8fdd51aab2845ad4d458	wave=1	player=5	sileo=9	webgl=3	progress=22
839420	3feed19fa72eb54fa47de28f1158142c374184dd	8a5122f7973346971912a1716a65e2684fe65f95	wave=1	player=5	sileo=5	webgl=3	progress=22
843116	554e5a8aa2240c03c052aae63e2512cbd81108c6	bb9076c74989472b8c4c8fdd51aab2845ad4d458	wave=1	player=5	sileo=9	webgl=3	progress=22
839420	9dee6045055ab37f2ad040985cfac865b9dd9b2b	a850dfe31772e2bcd520b115733393d4d75f23ba	wave=1	player=5	sileo=5	webgl=3	progress=22
842485	a8ce50fa00048eeffaef1be97b56ce2b10e0a1cc	0d495dae8fa40f38cdf7b9ed7e9cf8ef9d107cfd	wave=1	player=5	sileo=	webgl=3	progress=22
843071	afaec02ca9e5d3b057a1a628c952ea2a3b91e7c9	4da312fc5f4c94d300014adef251b8e955a9c40f	wave=1	player=5	sileo=9	webgl=3	progress=22
788533	b48e7ebd8c1cc21cfd7892baefa1db6dab82df08	52df2ffb825ffd3be867ad94d1e466d148e2bd43	wave=	player=5	sileo=	webgl=3	progress=22
788533	d10eb4b81917d6986621f87f2e9ef0e6d2e64dd8	2215a4002e560bbc02a0c6cb27f219076a15603a	wave=	player=5	sileo=	webgl=3	progress=22
843116	d66e103843489f2e4ff6304b2401195f52ab58c8	bb9076c74989472b8c4c8fdd51aab2845ad4d458	wave=1	player=5	sileo=9	webgl=3	progress=22
842687	d96ed3ba9cd1bcfd3c5c6ad7304ab92add42fded	c76e02d07f16a55d7e0fcaa118d62cb25c92c2b7	wave=1	player=5	sileo=9	webgl=3	progress=22
841359	e4eeccef9359aaadc640a3738be9985d0186167c	edd8aa756054dc72edc0e98d05e63989dd2b4028	wave=1	player=5	sileo=7	webgl=3	progress=22
793806	04ef47f36e3840fdc8cdaf4ff201b1fa87335e88	bdd779604709aaf7ab3613e22eb15c104fb2e433	wave=	player=5	sileo=	webgl=3	progress=22
843071	09efa25de098292b0567e95d1079bae111f48675	8f5f26496e073fe46511a0acc75969fc937f353a	wave=1	player=5	sileo=9	webgl=3	progress=22
796090	0befec3f11e3519866aba74c7ea1b69a78bc0069	d0934a3282ec55a65a17ee6f1841d912d0e02533	wave=	player=5	sileo=	webgl=3	progress=22
843116	190fc4ab74360c4a14e185f23e8b3279d564c847	bb9076c74989472b8c4c8fdd51aab2845ad4d458	wave=1	player=5	sileo=9	webgl=3	progress=22
832610	1b0f24d20769cad0efc34adc3c080ec57f8b0886	4183fd9146eec44bbae766cb6b1bc7fcfe2b9e60	wave=1	player=5	sileo=	webgl=3	progress=22
788533	264ff4f41ee45f7af411104d734d92b2ad12de65	2215a4002e560bbc02a0c6cb27f219076a15603a	wave=	player=5	sileo=	webgl=3	progress=22
817034	278fce127d93dac24e34335f7c6ee0728998c98a	8c406f4d6f3d668200ad1a23480f16dcac982cf1	wave=1	player=5	sileo=	webgl=3	progress=22
842434	27cfb2c7230a8d0e8d1e753efabf408e555f5e3f	190f994dad775a3a0e215af0347ba4c473a66ec4	wave=1	player=5	sileo=7	webgl=3	progress=22
831694	2a2fc1e17d18a3873c1466b178a78630205112c7	842a4f7bc211ac47be22bdf9994d623379a3e24b	wave=1	player=5	sileo=	webgl=3	progress=22
843071	2b8f0aefad2619935f209f1da21d48a057b9a3be	b4aac840a1663daadf2b47b06cf59a312f5c75bf	wave=1	player=5	sileo=9	webgl=3	progress=22
817039	54efed7b7e24a516c04a8f483db15426269076c5	f4ae739eebf462a605678094044eae1717718645	wave=1	player=5	sileo=	webgl=3	progress=22
834592	5b8f4bc89faf15389d8e355b7f9ef8e65b37cf87	bdee2eafa0a3f02702241eeab529e869668110aa	wave=1	player=5	sileo=	webgl=3	progress=22
822851	5b6fb580f8d093584561ac9cf91d52c551d6480e	1e3789a5f2525390c7b169080b8bcacaa082a921	wave=1	player=5	sileo=	webgl=3	progress=22
820514	6cef359d3f5dd993bee62431da411c2047ca3a3d	232797e54de947f7552f187f23146ec037fe9170	wave=1	player=5	sileo=	webgl=3	progress=22
843116	8b0f7e8e90fe255a74d38730d64849bfc5b6bd5a	bb9076c74989472b8c4c8fdd51aab2845ad4d458	wave=1	player=5	sileo=9	webgl=3	progress=22
843071	a00f7d129b1157ebd79c30942aa5f8a40528d9a1	b4aac840a1663daadf2b47b06cf59a312f5c75bf	wave=1	player=5	sileo=9	webgl=3	progress=22
788501	aecfd12e3a1502676015c762427ca67563d7bf44	c96776475b9449c8678dd4c8d87b6ed75f9ec047	wave=	player=5	sileo=	webgl=3	progress=19
809079	e14fcb4528fadf71265f6c0aee6dc7af1346c80d	1110e7420c7a2b8af434a19feee95e34cd396ef7	wave=	player=5	sileo=	webgl=3	progress=22
823242	f58fb92e6c889258255331e12e436fed82be5469	2275b1a0baeccaaaa550e94150a14457f175a94c	wave=1	player=5	sileo=	webgl=3	progress=22
811626	0410872462b5aed7352ddb381c241ad63501d21e	0177290f55d4247d6909cf9ed7e94f3a0de11cca	wave=	player=5	sileo=	webgl=3	progress=22
848964	07509368723e9ee831d5be288cbb9ef8d9df89e6	718d38874d5b4c26bc58f61e7362e20f62c095cc	wave=1	player=5	sileo=	webgl=3	progress=22
855114	0990fc60dd0864b205c4772c9b82e8519746755a	c210a74c9bfad8add937e926000e565bc849284c	wave=1	player=5	sileo=	webgl=3	progress=22
852935	2d508f58e68923483539848094bc640076cef1b4	f3fc58ec0e1dd956b910579e8f70aea740fb52ea	wave=1	player=5	sileo=	webgl=3	progress=22
796207	3f1058662f810348c0bb06e6bb63e4aa15391a26	f7ed07b3b5d3f05166c016b1d12d2504766745f7	wave=	player=5	sileo=	webgl=3	progress=22
829485	7e107530188045f4c196b1faeb909a0520b95413	c4ae67a04bd0971976fc4e2ef6baa5a4312ed235	wave=1	player=5	sileo=	webgl=3	progress=22
793853	82104d11985b3cf87954e6ad6c8d61656569e3d1	27cefac9587cd5de46a0f7fc276df814fe3a3ddd	wave=4	player=5	sileo=5	webgl=2	progress=
799866	845087f10fb72694a682075f057f23ffe0d4d3b6	a9ba74d7ae2e8864e660ef0cd9138228c42b0428	wave=	player=5	sileo=	webgl=3	progress=22
839336	955099e0717e00f4b14aff4722a30a09dd830f88	35a291191c54723592ee01d10333c8e6f3fda341	wave=1	player=5	sileo=4	webgl=3	progress=22
808057	a31020754bf36e3ca6a6f297a933f6f9d98cd931	00e60249fc6288ce347c4efddbce949c9837953e	wave=	player=5	sileo=	webgl=3	progress=22
794122	a97060a51cf3185810b405ec190ba8bf31b65425	c58856c3ec0a6fc60b3064c649e76151b7b82830	wave=	player=5	sileo=	webgl=3	progress=22
854606	c8b01c658c645a349c5231849340cadf0af8717b	935def394bfd73f3333514392e29bf335bd1c56b	wave=1	player=5	sileo=	webgl=3	progress=22
830182	cb70e8b74930c79f0f5429a961d2802b2d066356	68f0d4cc34d0821bd677ef9ee7293b2422e9f8a3	wave=1	player=5	sileo=	webgl=3	progress=22
829929	cb500f1e7a29f27d92a96bf09d727d211cd72bdb	9899e027930bfbe294e4ad5a42f46e1f10da7bd5	wave=1	player=5	sileo=	webgl=3	progress=22
842283	d1f0b69996b032056bb1232a90c7553d5c2ef1af	0b64a39979d75a50b1b8fdc768322173ee0ecf10	wave=1	player=5	sileo=	webgl=3	progress=22
807647	d470ad1b68e56bedc7e8b96748426ca842c56752	504472358013db5ec57793eaddd35c1aa8e4c8bb	wave=	player=5	sileo=	webgl=3	progress=22
852885	d61030110b8c6ef191d1048e44bc08f2bc290b93	230b9a8bba2bd9aa477cb1b4f4f8794bf2b4cf57	wave=1	player=5	sileo=	webgl=3	progress=22
796990	db302441814a7cddfca3974fc921c61cda4f45d5	7aa5a6d69269d20dfe16f92cea4ec6e3a7ec46d1	wave=	player=5	sileo=	webgl=3	progress=22
833338	e7d07cb0dfec8115fa8bab5432a6a803ff1891ab	09bc2acf229e1ac18bc085e9c5fc527f0bc71aa5	wave=1	player=5	sileo=	webgl=3	progress=22
817036	f9f0ffc4714f427c3b7dab909cfe482e8ef9dec1	56fa86b16ed14f498bfa6328875514a094477a39	wave=1	player=5	sileo=	webgl=3	progress=22
821486	fed0767743ecde44f7f3179bda90417fe996a5fe	75696042181f7ca730f7468fa079ec57db7b3129	wave=1	player=5	sileo=	webgl=3	progress=22
795982	1631f854981b849a5e0793de7f67be8ad879b4b1	0f2553d117e2fa3ac040577f20f1257f53fa9005	wave=	player=5	sileo=	webgl=3	progress=22
800390	1a716fed98d6458a2bd4fe71e99655b0f3b1d5a1	5539e3846970200d0a7a72f3fb5dfaeda70c4760	wave=	player=5	sileo=	webgl=3	progress=22
812225	2111a3155a0c017eb71e3e5486357f7a4540483c	d657db1ce9a66abcca186072e17242bdffd19b3a	wave=	player=5	sileo=	webgl=3	progress=22
842434	2a3133e18b83cb612109cffdc7afc3c6643c103d	190f994dad775a3a0e215af0347ba4c473a66ec4	wave=1	player=5	sileo=7	webgl=3	progress=22
839420	3271f44614743b340d3cdd514333c415ffdc6318	8a5122f7973346971912a1716a65e2684fe65f95	wave=1	player=5	sileo=5	webgl=3	progress=22
823242	5631780206a1a64a3af8fe7e172bad3fa490a4d1	40f3a51c646cde47c89efede3380c0f9a2161108	wave=1	player=5	sileo=	webgl=3	progress=22
820759	85f1cd68416d29ee7062327a6237db761d97f7c6	6e2db476344aaf2134fe11964fa4a5839dbc7710	wave=1	player=5	sileo=	webgl=3	progress=22
796200	bf319ac384308e1aab882f7dd02312689c5dc8c9	5a8bd683375b7c42d5d7ed1d1e81cac4390781eb	wave=	player=5	sileo=	webgl=3	progress=22
844810	c771d06aa21ce56487804fad32630bca54e115a0	6a6c10cf654afb4f1b633403a4be450f12c21fc6	wave=1	player=5	sileo=9	webgl=3	progress=22
788533	f8b19fc864f294daa8ecf0434073b77253b04bfa	2215a4002e560bbc02a0c6cb27f219076a15603a	wave=	player=5	sileo=	webgl=3	progress=22
846854	139284086f254a85f2b4ffa1ee1a0b4fec9eaa82	97431aa6c3dbc224b1da868ea9fbd5a0a4b592c1	wave=1	player=5	sileo=	webgl=3	progress=22
796296	179223859e9293da525543aeee8b37d8d49c5c80	b94bb65d66d6b060be01953714581581778d025f	wave=	player=5	sileo=	webgl=3	progress=22
841359	2a52f0eba6c660565d3e31e3ae730cf25e6ce0ac	edd8aa756054dc72edc0e98d05e63989dd2b4028	wave=1	player=5	sileo=7	webgl=3	progress=22
798653	3112c666432665c1156bcd062a8883983e8bdde0	02be15c3270f0e30dd365a30175e0bda47972cff	wave=	player=5	sileo=	webgl=3	progress=22
843071	3952c957394a0756b9cd2b4ac8cd0d428090f74d	8f5f26496e073fe46511a0acc75969fc937f353a	wave=1	player=5	sileo=9	webgl=3	progress=22
803956	3dd2eeecbcf0979abdcb4b95159d0c7505fd7a15	3f9bbd727793a1be4de4bfae09082c62d1aab674	wave=	player=5	sileo=	webgl=3	progress=22
836020	4832f367f0ad1d01d072177dba1c199ebccdb27c	5e09f04d79271daa673fc893d094cd9de0043ce1	wave=1	player=5	sileo=	webgl=3	progress=22
793797	66d22cadeabc2fec3242d1053e2a2087ff515bee	be16cc402b2945475ab996bd3c83097a3e17dc6e	wave=	player=5	sileo=	webgl=3	progress=22
841359	70928283022898e1f1d56ddbf89693a92075ee1a	edd8aa756054dc72edc0e98d05e63989dd2b4028	wave=1	player=5	sileo=7	webgl=3	progress=22
812077	7f92d5e3f226abc3300e6a5467fc5c6331d8d270	95608b6ddc6e72a2a684ff24b651af1b31041dab	wave=	player=5	sileo=	webgl=3	progress=22
843071	8a32d245613af4bdffe08499ed5e155d1a13d77d	5bbe8f83850fbe475d277383bbe2ca8a06a5af63	wave=1	player=5	sileo=9	webgl=3	progress=22
793480	9692ed807dd399edc42fe74dcdacb4a13e253e37	bbb37e0f75605560c0570846e3c1590565fce669	wave=	player=5	sileo=	webgl=3	progress=22
830072	afd2611f7f7485545fcc1df8c4f9759323722f2e	c2a62672c1d622a92c8b76b0af960841718c0ba4	wave=1	player=5	sileo=	webgl=3	progress=22
788533	b332e02928610499ef4c4195cf24ab17b8562b85	2215a4002e560bbc02a0c6cb27f219076a15603a	wave=	player=5	sileo=	webgl=3	progress=22
841359	c6120f1fa1d504008024bae6cccd819f64117273	edd8aa756054dc72edc0e98d05e63989dd2b4028	wave=1	player=5	sileo=7	webgl=3	progress=22
790018	d1724e40ab3636c9c6a1b00702132ba870da71f9	8d02e1c567526da9b5074aacf084d100810e810e	wave=	player=5	sileo=	webgl=3	progress=
829776	e3b278820121a0806755d4adbdcde0561e33c0be	003a3b5079099ef55f80d0f32a72dcb786e5f508	wave=1	player=5	sileo=	webgl=3	progress=22
843071	fcd226b872d52b1215129e0b844bad0ed13a38ac	1882d9085256593492a60c9ec8b423bc4be8729c	wave=1	player=5	sileo=9	webgl=3	progress=22
852833	0373bdc90917175b33ef37449e1d05d24823a800	f8e572adef553679449e0119a56a51820de82f6b	wave=1	player=5	sileo=	webgl=3	progress=22
822919	0b7363a9f5206a9a87540c73354b7ed7062d7037	5b1c40173584daccc5abcfd5b4397ebfa32ba035	wave=1	player=5	sileo=	webgl=3	progress=22
820142	0db3cd2e3ccb6aa91af19dc2dd9d4865b0000ccc	13ab997e05f70f56a29a4bb2722d2e110b4cbf0a	wave=1	player=5	sileo=	webgl=3	progress=22
843116	14338553720534638b2a0bf2cc30beff15487259	bb9076c74989472b8c4c8fdd51aab2845ad4d458	wave=1	player=5	sileo=9	webgl=3	progress=22
801203	27d397f720899311034ad504d103510703b1534f	60c2b2a3a5fb36b9318f6f57af86e91efadf6d29	wave=	player=5	sileo=	webgl=3	progress=22
843116	33b397d4ff0d58c9a610663aec872de552772817	bb9076c74989472b8c4c8fdd51aab2845ad4d458	wave=1	player=5	sileo=9	webgl=3	progress=22
788533	3dd32b114335c10a6439c241b2e3e7078f9e6d2e	021a3d0060b9c01f4fddfc2aa6511fdd2b8bca53	wave=	player=5	sileo=	webgl=3	progress=22
804033	4cd36e6f3cc5a4b3334d02b155f8c984678bad20	b8811eef8c2f0b31435bab9237f970f7858daada	wave=	player=5	sileo=	webgl=3	progress=22
796507	5b734a0544fbdc3b3d016b1e884c455710c6364e	cf8b770d9c27f8365b26e5c8fc66c87875bdb367	wave=	player=5	sileo=	webgl=3	progress=22
852878	6613ffdaf2b4c478dfed3d68f6c035688ac929b5	b7b856be0515786f03721e1efc1a319f3c906d6b	wave=1	player=5	sileo=	webgl=3	progress=22
798005	71b335bf0802678e2391c9bd46b0d2faf3bbfb35	be258b7edb6799dc729bda5cd88dee56ac9ebcc9	wave=	player=5	sileo=	webgl=3	progress=22
844886	7213a576b8c8020e62c17a36cf40b5cad4203c69	0427132771cb6c73143bceaa992e88da98be9c05	wave=1	player=5	sileo=9	webgl=3	progress=22
788533	b673327962e40fd70419512bc655b6e584ee5472	2215a4002e560bbc02a0c6cb27f219076a15603a	wave=	player=5	sileo=	webgl=3	progress=22
855484	b853818613a5a119833bd51ed2f6673bd2c8638a	b450e8759f0488bd9090340e79689697521f5c99	wave=1	player=5	sileo=	webgl=3	progress=22
788533	b91340852d989df1f9d739a7f7159071850a77ce	2215a4002e560bbc02a0c6cb27f219076a15603a	wave=	player=5	sileo=	webgl=3	progress=22
841360	d053c32f1149e3af5e43f0606bcc229451632f16	8e0acd259893f69e513789b7fb9fe9320e125ee3	wave=1	player=5	sileo=7	webgl=3	progress=22
812323	ef1389a266f71cd8776222f8a95ac8d7574c5141	f139963fa15370db467f73d378cbc9320824b8e7	wave=	player=5	sileo=	webgl=3	progress=22
839460	3354bf381c30ceb5a6306a8c7312d0795a08c415	2a600c9663c02e63a76f713d9103be658689166d	wave=1	player=5	sileo=5	webgl=3	progress=22
795275	41f4224edda011f15166ced97e333d61fcfc6776	09427f556448e45d000ef3c7494e81eddac86fd0	wave=	player=5	sileo=	webgl=3	progress=22
797769	5634c1109951e0d99f8201789e29c305133bb15d	3da6bcf3c001d5fabf2b4f03729003b265e189a3	wave=	player=5	sileo=	webgl=3	progress=22
843071	6934b21890993f237875ea394e3a9d7aa3a56a9d	3d38155eba89fc6e231c5afafd0cc43349948da1	wave=1	player=5	sileo=9	webgl=3	progress=22
796673	7b543176aa143ab5fedf40072bcf6f69182ea7cf	a7b263ef1b05963c34ea590ef913408c61f4c332	wave=	player=5	sileo=	webgl=3	progress=22
789977	8a94dd98f4c7f2d2aadbc5580a89b69920009ffb	28db22b47735f4ddef0746c4fe4ef16d1d586bf1	wave=2	player=5	sileo=	webgl=3	progress=
811537	8c5418f423e67b3dfb1ed534332e4281d9ce035d	efea10f50aafab6132008921c8e343d813bdf2d0	wave=	player=5	sileo=	webgl=3	progress=22
793560	aef4fe477161fe785debab47a8f0115108b1b340	5f12cac3cdc5db36555328692bf50d9163ad255a	wave=	player=5	sileo=	webgl=3	progress=22
796375	bfb4cd1294c83b240551ca4fff00d166aa26500b	aef856000a8702c5b8963d8ea86478f99fd74045	wave=	player=5	sileo=	webgl=3	progress=22
796200	e3d42a13a3ea290e837b21101de3be91b2e043f1	8db35aa9f2a185a87ea04999c15f2dec3822bf1b	wave=	player=5	sileo=	webgl=3	progress=22
788533	fa348a0b93671539cf91202bf685e33c68c3f88b	2215a4002e560bbc02a0c6cb27f219076a15603a	wave=	player=5	sileo=	webgl=3	progress=22
797811	fad474cd61aed5b5924a31ffd7bc7e47b379390c	0830becd035a796fc25bbff44bc1766dba7a6485	wave=	player=5	sileo=	webgl=3	progress=22
788699	fe14dd99cd795b7852228d628bf2310bcdd14587	7ff2a5eae08e53cf03d13fe685ba5fa47f7a675f	wave=	player=5	sileo=	webgl=3	progress=19
839866	5d7525768981e626d83eca5f9ce7db47cca2b655	c1cbca553ba26120f3ffa4dec654380868422ab8	wave=1	player=5	sileo=	webgl=3	progress=22
839420	697526fd76845ecb5d391bfde6413691e11bff4f	8a5122f7973346971912a1716a65e2684fe65f95	wave=1	player=5	sileo=5	webgl=3	progress=22
807989	6e352b01e726770d70ca43a5ca7a348299a616f7	94c2d8ff685318f463fd2f2bc70c4fae076ff6bf	wave=	player=5	sileo=	webgl=3	progress=22
844886	8af5423456fb4e032c58666ff908a718b5e2f2ed	0427132771cb6c73143bceaa992e88da98be9c05	wave=1	player=5	sileo=9	webgl=3	progress=22
821469	9955e1679e0b7005a30a801533eb24e170f99622	1dd6cca926a143e1a1beda7e1234aa379433067c	wave=1	player=5	sileo=	webgl=3	progress=22
788533	a4d524c863dfeab4191b3dc133240b9bb88684f8	2215a4002e560bbc02a0c6cb27f219076a15603a	wave=	player=5	sileo=	webgl=3	progress=22
812782	aa95f6bd4c61d0db0a8d2246af89c94f3d8f16f2	36703f36f19df0bd7281fd328138d50dc4a77f95	wave=	player=5	sileo=	webgl=3	progress=22
842434	b8954b941f620f3ba25e844a6531ebe7c09faa44	190f994dad775a3a0e215af0347ba4c473a66ec4	wave=1	player=5	sileo=7	webgl=3	progress=22
843071	bef53e768ee1870bc12488c2567463e6925efd01	9e1b47fb20757925301cc712e25024c6aabb3a87	wave=1	player=5	sileo=9	webgl=3	progress=22
839319	de75791bbd46c4f6170f403020d7dde84db3b0cf	4e78f70fae0911961b88eec9eccdbbb696db5db2	wave=1	player=5	sileo=5	webgl=3	progress=22
849889	ee75d350fbdcbd51a1c866e3e99f2561155fb589	0b1fe94d4753b7408f98e8c633d38cbc81b32fc7	wave=1	player=5	sileo=	webgl=3	progress=22
830951	02f6640757cc4c93d971ad6b34d39d9a119284ae	57f5df9ddbafe0252d1e96fef23b98ae525f4f75	wave=1	player=5	sileo=	webgl=3	progress=22
692273	161665f0d1873926c55cc361ac8913ed0a7a7543	d13ecb68905ec63499e82bb319f5671b1fbd2438	wave=	player=5	sileo=	webgl=	progress=
795277	1e16a15143a2347eece82311ebfe82fcb03d18b3	269f7c96647cc6ba18e91457341cc7a0ce9602c3	wave=	player=5	sileo=	webgl=3	progress=22
788533	50d6ca3baf71c299c3e3f6a47a71d45ea877a0e3	2215a4002e560bbc02a0c6cb27f219076a15603a	wave=	player=5	sileo=	webgl=3	progress=22
796352	7b16b3dd41889ba898ec28656770ddc8d34e6c02	7946d57f5418ac887770aae470da43f239b23dea	wave=	player=5	sileo=	webgl=3	progress=22
788533	7e16923dd22933a38a1ea8bbb6228df461789244	2215a4002e560bbc02a0c6cb27f219076a15603a	wave=	player=5	sileo=	webgl=3	progress=22
797960	bd3644f445c501e5b9475675fa4347d76d446ed3	1e541b7354afa3703ae3896edabd98f16fbd03ff	wave=	player=5	sileo=	webgl=3	progress=22
788533	d076799cedc59b08dfc5062d30adc27dc76802c3	2215a4002e560bbc02a0c6cb27f219076a15603a	wave=	player=5	sileo=	webgl=3	progress=22
843071	e0f6ef5f9d8a10fb8d27936394b512cfcc5b24d9	4e98c5c466d404019603b43ece3a50ebd1cec38c	wave=1	player=5	sileo=9	webgl=3	progress=22
843116	fc765867ef02e075891af7ee6f00002eb17a1d4c	bb9076c74989472b8c4c8fdd51aab2845ad4d458	wave=1	player=5	sileo=9	webgl=3	progress=22
797750	03570cb078f7e32a71a236ada899aca18376f1d3	9022b04227458a114491b0760a3c32ebeabd04b8	wave=	player=5	sileo=	webgl=3	progress=22
808244	0d1743c528ff12cba30d4f2183afd81123852840	3ef38688942d7815eca0d282fe98cea5f234555b	wave=	player=5	sileo=	webgl=3	progress=22
820216	16b75a03afca50ac98eaa93786a3b2031737ad0c	d35156c6f9792fb28d942e1cf72075550b1bfa6a	wave=1	player=5	sileo=	webgl=3	progress=22
788533	29378a4ccda60d18371bf0f3563615947a90c5bd	2215a4002e560bbc02a0c6cb27f219076a15603a	wave=	player=5	sileo=	webgl=3	progress=22
803722	2b37e2c1565adc6853e749d4f44521dd13900cc6	8f86195302fbe8205888526703a2b9dc7b36b66e	wave=	player=5	sileo=	webgl=3	progress=22
800423	66b7328179a8c8de82ceafc7060382c660500db6	694f29c231f463d5bb1804c2191536e9b12b39ea	wave=	player=5	sileo=	webgl=3	progress=22
797111	75d7acd8594ae8c11dee3835affea073a87e960c	f865dc35f90b673368759139533ad4beb4dd5749	wave=	player=5	sileo=	webgl=3	progress=22
852681	7f773382b63c96e298d69d7a743a565d6e18f82e	36e9b4d2ae7633c33195ee4fef6e64ce892c8a76	wave=1	player=5	sileo=	webgl=3	progress=22
852933	80f7805259540203b35c97d76878845185e932b7	163301818b094301b0f121ec187990bca88b68cc	wave=1	player=5	sileo=	webgl=3	progress=22
841359	869781142fa6d204f1d63fb7bcbf1625dfa74257	edd8aa756054dc72edc0e98d05e63989dd2b4028	wave=1	player=5	sileo=7	webgl=3	progress=22
820729	8977e9913dcd50d9bc8d73fb7ce5c50d468ea1f8	55bd9e6f6d5547ea96676637fc332fbe3e50e3c7	wave=1	player=5	sileo=	webgl=3	progress=22
832055	a6d793df7db08a0f5806fb824f55d4602cd67e40	1a29af6d3876154ca936ba3b238f08804b4722e0	wave=1	player=5	sileo=	webgl=3	progress=22
834845	ab77e265fbe353f3a572966a451903902c437567	3a519ac44a76340820d6e472ccd71ff1966316ae	wave=1	player=5	sileo=	webgl=3	progress=22
788533	b377ffd690a68c31c48f1e094e834a3d37a7745a	2215a4002e560bbc02a0c6cb27f219076a15603a	wave=	player=5	sileo=	webgl=3	progress=22
829397	d5577f3b9c5a987b7582e3f7f6865d19f8acb8c8	595983c07e94c506ef26b00864ef8ed820e36f3a	wave=1	player=5	sileo=	webgl=3	progress=22
788518	23181e6d3da50288ef7bc01796484c6e7cbf5849	8c532191bb1650f18d2977b634182242b3980893	wave=	player=5	sileo=	webgl=3	progress=20
829860	4798624ae94f537e0d8899d228282a43539a985d	7b627cb152730c53ab5d33dd753b95e901ebe393	wave=1	player=5	sileo=	webgl=3	progress=22
797959	6cd87904bfde81af51a5b064c656339c7b377e15	f98401ee3729c9ed826f4c3b2d4f9a9a865f6974	wave=	player=5	sileo=	webgl=3	progress=22
788533	7bd856d0a41af07cb5abf37cc5819735ba9a9af1	2215a4002e560bbc02a0c6cb27f219076a15603a	wave=	player=5	sileo=	webgl=3	progress=22
788660	861897de3067e7f7f6076093982cabaf979104fa	50af25783edacd5562446ef87015d2b3fb2407f4	wave=	player=5	sileo=	webgl=3	progress=19
843071	93f8b21173393cb9d8af51bc2c50c1596942c0ae	b4aac840a1663daadf2b47b06cf59a312f5c75bf	wave=1	player=5	sileo=9	webgl=3	progress=22
844792	a4b85fbd6a1eee75a802aa5ffa2f34f779f08ba9	af61ebe8d15402dbd0cb13601fede5f3fe5bba1b	wave=1	player=5	sileo=9	webgl=3	progress=22
796593	aad847c016c3635715acf302e3c970639086cc18	6c3ca1127c204a82b97446c59baf5dbca09d6c2e	wave=	player=5	sileo=	webgl=3	progress=22
788533	beb89123d7cecacd33276be4c29e6be79abadcff	2215a4002e560bbc02a0c6cb27f219076a15603a	wave=	player=5	sileo=	webgl=3	progress=22
852112	d498541581ca44d5c55d7f8b9155cf6ff928d57c	a1773b03fe2380b3c171235ca64b8bf159178979	wave=1	player=5	sileo=	webgl=3	progress=22
790823	d798901d02f1687e990e2121a2b301f707b2590a	5b205422f4c86345c5d8085cfbe9494bea669fe4	wave=	player=5	sileo=	webgl=3	progress=19
842687	dd38a6b2a4a11d7803ee1e87cfa39e58bd7ce2d1	8548f6eef58b266154ac0e780748636f6081ad23	wave=1	player=5	sileo=9	webgl=3	progress=22
665966	ed3855a6ebf8719e2a2a4654edbfe712a71cde39	3cee0e03cc4258653d3673478dcce18ba3899a61	wave=	player=5	sileo=	webgl=	progress=
846854	eed8c952bd5aa5f93fa433e4f751fadee213a71d	dcd55ae826b81d0619aaf052ab9c91521cf1d6d4	wave=1	player=5	sileo=	webgl=3	progress=22
852735	fa583244e66540b1a778e6c0b7e718b6e2f8c0ec	36bc83e824a25e96c1da38e54b0f7c967cefb624	wave=1	player=5	sileo=	webgl=3	progress=22
809306	2c190fc17476f72fc69d897d1d635ff2dc888f89	e59b511aa587aec7e06d1e4ef69901127b66e857	wave=	player=5	sileo=	webgl=3	progress=22
832631	6159dace724277eb21c38b92ebc6e2cd8e02cbcf	ef42c23e6bb83bd240ff95000cd2d76000b18b59	wave=1	player=5	sileo=	webgl=3	progress=22
843071	8299cf53ed2d86638e924351feec4b2004731e0e	5bbe8f83850fbe475d277383bbe2ca8a06a5af63	wave=1	player=5	sileo=9	webgl=3	progress=22
840549	83595aaaaacf701a5af1756e79b2782596a2bd07	6ad4e5c2dd1b4c17d7083267ac7434572b60f42f	wave=1	player=5	sileo=	webgl=3	progress=22
829986	8d999ccf246d56d755ea4085a239701d29f581c2	164a2a1dd60874c315199252ab226c93ea0bd810	wave=1	player=5	sileo=	webgl=3	progress=22
842687	9319772442df6fa2cdaae454dec16ed9d0280d18	e402df7ec6c7eae5efd95f8912457cdfa3041445	wave=1	player=5	sileo=9	webgl=3	progress=22
797831	9e793d57f453c6de6374cfe74a052d57a96140ca	cffb4f4a769be0225b7e90cfacc1d9ad6aad41af	wave=	player=5	sileo=	webgl=3	progress=22
792483	aa9948998e162b45e2118ec3a27cbd486edac843	39c11f42266d11360a91209cd7d306d63654a09f	wave=4	player=5	sileo=5	webgl=2	progress=22
841359	ab1961e660614f9ed5034cc4a55439ee537d9c95	edd8aa756054dc72edc0e98d05e63989dd2b4028	wave=1	player=5	sileo=7	webgl=3	progress=22
795215	c1f91817eeb28131cd030ae24aeaf3b15f118910	2cb59bb2cf10abe8cb054b46249939724845d33a	wave=4	player=5	sileo=5	webgl=2	progress=10
843071	c459551408733e951438abf74dd63c943227ce1f	6cef600850ca84d094eb5b3e27cdc5adb45cf110	wave=1	player=5	sileo=9	webgl=3	progress=22
821680	c719015a9f14ea697f5df7b9255d9f2b3ea24932	390506a0081edaa79099f3d9f4436e58a0895c15	wave=1	player=5	sileo=	webgl=3	progress=22
840144	c9d909822d189abd009dbead3fef85db99f5e9bd	fa81bc580638e1aa87847d482cd66e2c3235feb6	wave=1	player=5	sileo=	webgl=3	progress=22
788533	db79afb2eb8614a02b220c869ffdb2d6b6a4e9d1	2215a4002e560bbc02a0c6cb27f219076a15603a	wave=	player=5	sileo=	webgl=3	progress=22
793806	dc39b4421848779bcc138fddebf6817c6ccda7e9	bdd779604709aaf7ab3613e22eb15c104fb2e433	wave=	player=5	sileo=	webgl=3	progress=22
843116	de19c18894af469ca8f497810697aaea153e556d	bb9076c74989472b8c4c8fdd51aab2845ad4d458	wave=1	player=5	sileo=9	webgl=3	progress=22
832643	e29994289cb2e8424fa0098c62a8238147b5de53	640e0d8d7ff59975c8f29b5159a237564f03d5fd	wave=1	player=5	sileo=	webgl=3	progress=22
847069	eef9aafe9c85a829d4d96e83d051af24722784a4	dad5570e1aefc39b159e44429726db667fb3229d	wave=1	player=5	sileo=	webgl=3	progress=22
846484	f97992149400db24faeab714387c0ed4cb3333a3	45dbda2b9c2c50a8869fe816e09e2d7b9eee491d	wave=1	player=5	sileo=	webgl=3	progress=22
843116	09daaab80c416246391b94ffeb4ef23830795f14	bb9076c74989472b8c4c8fdd51aab2845ad4d458	wave=1	player=5	sileo=9	webgl=3	progress=22
841359	105a08f00f49a18707d0cd1a8d6bae68edeec3da	edd8aa756054dc72edc0e98d05e63989dd2b4028	wave=1	player=5	sileo=7	webgl=3	progress=22
843071	191a21f185fa1e04d77e86b529ee11452ab6fce7	b4aac840a1663daadf2b47b06cf59a312f5c75bf	wave=1	player=5	sileo=9	webgl=3	progress=22
823112	26baa654c394009065182e8825fac2889609291d	f26d2dc4f5502c539740ede226d3201d87835a6e	wave=1	player=5	sileo=	webgl=3	progress=22
852501	31fa5196ec0ce20d55c09580c326b3f470acc7e1	f48c29e3a6c07aac22e73a55e9719a5daa9fcb54	wave=1	player=5	sileo=	webgl=3	progress=22
795226	3dba281fb051de8b5da672587fa0533fbd2976de	856dc88e39b6f891f444eb2220c8b108902a44f4	wave=	player=5	sileo=	webgl=3	progress=22
853060	4f7a271df3a27be23022adccae56782f77e896de	3faef67dbcbe0fbe65ac543f8788963568ff7a3f	wave=1	player=5	sileo=	webgl=3	progress=22
797850	5b7a4c4cea2bb2543ebd8601748ad432248c7d3d	48378f5a7bd817c30a732fd42d8f40d6e73b144b	wave=	player=5	sileo=	webgl=3	progress=22
842687	623a4adc989f456dad06ab0cad0710f3959c699b	39612391913dff35844e601c530ac29e2a77cdff	wave=1	player=5	sileo=9	webgl=3	progress=22
788504	6a7a6ed4aa690953511302488de073e10f14f789	e2a2fa7b26b87be94a7f17016a0a7be6ec19138e	wave=	player=5	sileo=	webgl=3	progress=19
789795	80ba9a695faefa5fbeb36c927a371c7ff262fb5b	54aae29f75633db41f5fac9af4b799dad3e47296	wave=4	player=5	sileo=	webgl=2	progress=
788696	af5a3a4c247c0c98f07d1c8206a308382e241773	6c9dd3ec1bf6593fe6d9ccc9db8fbd1cc0a8f237	wave=	player=5	sileo=	webgl=3	progress=19
841359	bafac0baf65ecdc46837a7d67855af9b673c82a0	edd8aa756054dc72edc0e98d05e63989dd2b4028	wave=1	player=5	sileo=7	webgl=3	progress=22
821592	bd3ac289cc280eab8da33b8a1e9097f4a6f0ce9b	1eeca72209e4abae9879421dbc219533e221ab98	wave=1	player=5	sileo=	webgl=3	progress=22
800270	de7ade7fad2a878564e8ba135dd02c4c2b890c02	3965e0c3476921d6aa03b18af8f8d77ea8aecf9a	wave=	player=5	sileo=	webgl=3	progress=22
788533	e3ba2f8288089cb075fa7b90804a108c14136754	2215a4002e560bbc02a0c6cb27f219076a15603a	wave=	player=5	sileo=	webgl=3	progress=22
834719	0dbb1654fe20d48e6eab1801bf441eeaf019db60	60a4bb5a86ce58a4ec5b2853a190eb49be79f86e	wave=1	player=5	sileo=	webgl=3	progress=22
789956	13dbeb072264a34b5f574d397d7602c2ab30f4b4	42aed5c27846aea26b6c40bb035818fae6792e11	wave=4	player=5	sileo=	webgl=3	progress=
793171	1f7b4af6d4aefb4e9213020a9151b1d5e2ff8508	002efbbc4486c4ecc3e1ec3da3452e78a5dce278	wave=4	player=5	sileo=5	webgl=3	progress=27
799866	34db878e94f69ff405e250f5f03051d39810e34d	ba9f8ab69753dd6a2dc3888292be83ca1b16ad55	wave=	player=5	sileo=	webgl=3	progress=22
836776	3cfbbefcbef11cdf06a0fb4df21c8d8a6a730f99	f5e645cce09785954d7a8d507c7ded0675948354	wave=1	player=5	sileo=	webgl=3	progress=22
843071	44bbe83d65f7bd120fcbdf738a3a75d2e4b49c1e	5b33414dd923c2b285b9cb6a5a8740ecd8364810	wave=1	player=5	sileo=9	webgl=3	progress=22
804075	4a9be5579ce2f0b08b5afacccf51c719c29e5c2f	fb1c6a7c71a9a2f647df9c7f78b2575139633ba1	wave=	player=5	sileo=	webgl=3	progress=22
788533	4c3bfcfbd545dcd2eee15a406486dd3dee6d295e	2215a4002e560bbc02a0c6cb27f219076a15603a	wave=	player=5	sileo=	webgl=3	progress=22
843071	4f5b893bd23e28fc0bbd0767f011e4fb1958de11	6cef600850ca84d094eb5b3e27cdc5adb45cf110	wave=1	player=5	sileo=9	webgl=3	progress=22
840469	7c5bb2f9381183ca97a7575cdf8796163f4d9304	595705c501851d4407fdb0500acc5494d4af5a9a	wave=1	player=5	sileo=	webgl=3	progress=22
788533	9b3bc7dea27725994578845a375d6fe029956720	2215a4002e560bbc02a0c6cb27f219076a15603a	wave=	player=5	sileo=	webgl=3	progress=22
843116	bc1bb5d852f55288879eaafd432c35b531698e21	bb9076c74989472b8c4c8fdd51aab2845ad4d458	wave=1	player=5	sileo=9	webgl=3	progress=22
843116	efbbcc08efa452449a6270c0083418ce6d6a2336	cceeff2f2e13ffac5ef8e5a459a4726c6770cb7c	wave=1	player=5	sileo=9	webgl=3	progress=22
788656	f43b6c0813afedbe9db364db02dbe08241280884	2513432686349577e823ab6665a889212033813e	wave=	player=5	sileo=	webgl=3	progress=19
850370	0b5ce2c28c55a50a3129bc64096e5b5f976cc195	d64d9b3635088f7bbb1d9f3492cbe991d9af16c3	wave=1	player=5	sileo=	webgl=3	progress=22
793715	4b3cf6b8ee206abcce60c183ffac13ffc5374c32	2f63a70dc97289f7fb70e004ff26a700658f6ea7	wave=4	player=5	sileo=5	webgl=2	progress=
841359	569c0eaa57c774d8c88d7d7bf8d96c678c56f678	edd8aa756054dc72edc0e98d05e63989dd2b4028	wave=1	player=5	sileo=7	webgl=3	progress=22
830193	5b7c7c39939e81c647190ad6982ecc037f5b311e	ee964c9104e1e67ab786004dfb656f2ffa49aa1d	wave=1	player=5	sileo=	webgl=3	progress=22
793294	6f5cd2eaaeeb2c9f733298c17ac7c1e60797f487	3ab1beddcb8a2f5458bf535cf696ba42fa4c2b9f	wave=	player=5	sileo=	webgl=3	progress=21
843071	8c7c35138fa15266a38ca8edd5431ea004c3106d	5b33414dd923c2b285b9cb6a5a8740ecd8364810	wave=1	player=5	sileo=9	webgl=3	progress=22
788533	949c3b2faf64802ff2dccc1ac32940c54d0576fe	18d941c2fda198efb71d1d99f135198750394e3d	wave=	player=5	sileo=	webgl=3	progress=22
796200	b8bc922dcd5d4bf67482615ae24a808d4e38d404	480644e351f291290b336cc00c94af4d2a026138	wave=	player=5	sileo=	webgl=3	progress=22
788533	ba3cf317c70f1be14a7bf98a3abf54bbcba11828	2215a4002e560bbc02a0c6cb27f219076a15603a	wave=	player=5	sileo=	webgl=3	progress=22
820513	cbfc7393d27af1f0f1f971b2981d859442990771	50a7dd7ec078500ac479ef6c92c51908712d2208	wave=1	player=5	sileo=	webgl=3	progress=22
793570	e59c9605714dcfcc9b8f4534ce980b2ac00622f3	7bc338f884c9c5caa3023f52fbbb7a1537876a77	wave=1	player=5	sileo=4	webgl=3	progress=
844886	08ddb05d98c3bc434959ac1813cf6e965ded3116	0427132771cb6c73143bceaa992e88da98be9c05	wave=1	player=5	sileo=9	webgl=3	progress=22
843116	111d772ae244dcbb88e7031f8e06a508a762c5ff	bb9076c74989472b8c4c8fdd51aab2845ad4d458	wave=1	player=5	sileo=9	webgl=3	progress=22
821048	26dd0e2aaef9978d1f7c7eea081dd6596614a438	7dcabfb6df2dd5a00b4641ec23cb7c080ae4c414	wave=1	player=5	sileo=	webgl=3	progress=22
841359	373db50a67b927fae1e01ae32323480e201b896f	edd8aa756054dc72edc0e98d05e63989dd2b4028	wave=1	player=5	sileo=7	webgl=3	progress=22
852366	41fdb718fdc6782a873209c3270f93c65876f73c	01e6e25d42311ea73763594bc6ebc7290beda756	wave=1	player=5	sileo=	webgl=3	progress=22
788533	459da38f7ac8219c5fa65c491c8efbea37abc787	2215a4002e560bbc02a0c6cb27f219076a15603a	wave=	player=5	sileo=	webgl=3	progress=22
821171	75dd081c4f99036c209f8f1dae273e9ec11ea12f	4ec7b2f82aef62eb29863b0ea16570354cbacc7a	wave=1	player=5	sileo=	webgl=3	progress=22
800175	84bd6a28f74267c0ee2ccc686f5fe32b36d906fd	f7b15305a7c4046953a07516b3fa502b99767c68	wave=	player=5	sileo=	webgl=3	progress=22
832222	89dd622879cf0bb2524e12650e28f73e993b85bb	781924364a087f26c55bcc4a9fbf6d7c05500bf9	wave=1	player=5	sileo=	webgl=3	progress=22
834641	9bfd5206154b41bc8797462806e3fa1a661dbadb	017f7949de28484a87056bdede96332f2e361a35	wave=1	player=5	sileo=	webgl=3	progress=22
842283	9ffd1b154e02b569eddeed06d5af4550f58a8203	6a71829723d16051508ac27da4f48183a19c64be	wave=1	player=5	sileo=	webgl=3	progress=22
823112	c4fdaf70afcd6418b6fad1ad0d484b85da7a57be	2c47a07c9623f1e70e84408a34881a8836166ccd	wave=1	player=5	sileo=	webgl=3	progress=22
855484	c5fd1b4f6be24ccf55b485297a01aaa6ba7de952	b450e8759f0488bd9090340e79689697521f5c99	wave=1	player=5	sileo=	webgl=3	progress=22
850706	cebd0ef2fac903f2714cf35c1bfacf8f344d9ea1	c823315c9ba91894c1dfd844408009409dc2e658	wave=1	player=5	sileo=	webgl=3	progress=22
788533	dc5da334c285eb3d661a9e082e2b0dd8f33cf263	2215a4002e560bbc02a0c6cb27f219076a15603a	wave=	player=5	sileo=	webgl=3	progress=22
837277	e11d136b66f16cd3d9b120d4f92a1350edcdda2a	462a7bbd8a4698d32f436fcda245022b0de8614b	wave=1	player=5	sileo=	webgl=3	progress=22
793656	0ffe3d1ad073db7022d1d3dd261b8331d0396d97	8b778a1592c3ff6f632e34e861687b537e557408	wave=	player=5	sileo=	webgl=3	progress=22
843071	115e88acb06df904cf004ed545135f83900c7e0e	1882d9085256593492a60c9ec8b423bc4be8729c	wave=1	player=5	sileo=9	webgl=3	progress=22
792519	5a5e536a2f230034428be6c10bd0256216cebf5e	4f792d7a16f3861853757b107a1473802bc57143	wave=4	player=5	sileo=5	webgl=3	progress=22
841359	957e6e8af08c62f10d5edea46438f55be0f787b0	edd8aa756054dc72edc0e98d05e63989dd2b4028	wave=1	player=5	sileo=7	webgl=3	progress=22
852362	97febf07579a6a1a02fd3047be031c9da2d04c8e	2ad2a53b5772ef1afadc930fd6e5260b21f6e3a7	wave=1	player=5	sileo=	webgl=3	progress=22
844886	985e14f63fbf1c34bbd8a392568f88fff1920e15	0427132771cb6c73143bceaa992e88da98be9c05	wave=1	player=5	sileo=9	webgl=3	progress=22
826760	997e9f27ef9c11500be1f13fdc41de6004636157	658b30870932b06c14222a0560d763addc589473	wave=1	player=5	sileo=	webgl=3	progress=22
788533	9e7e3bf496f3b7cbbed5e4d46ce85502877fca88	29c713d98262a8c4a807b02c67d05f0b62e96f22	wave=	player=5	sileo=	webgl=3	progress=22
843116	badef3fb8709e49b5bbbd71416cafcf3d6af8aba	bb9076c74989472b8c4c8fdd51aab2845ad4d458	wave=1	player=5	sileo=9	webgl=3	progress=22
797964	bc5e32d7c38f6dfe5eb1ed495d4d42f835f27faf	9524c0e76aecc9742cd12c5aa0f8f163dc55fa63	wave=	player=5	sileo=	webgl=3	progress=22
855484	dedefbea746b4f57f768879ee16012187fae2b69	b450e8759f0488bd9090340e79689697521f5c99	wave=1	player=5	sileo=	webgl=3	progress=22
843071	e81e062c2c8d25f538e0db4642ab7e17452c7bb1	b4aac840a1663daadf2b47b06cf59a312f5c75bf	wave=1	player=5	sileo=9	webgl=3	progress=22
840143	f7de04d6df3c18a5d415ae2a3231005c831d81c8	7251457a5599af9fc97c6055a79bba740e323ef5	wave=1	player=5	sileo=	webgl=3	progress=22
840144	019fed0ef27a882ab5f9071e4fe58f42b1a96d69	08bb8c5a939a8f1e48accd3ac5a454d45497d8e5	wave=1	player=5	sileo=	webgl=3	progress=22
809239	119fe1c94c424456f4304cc98144c508501a2849	e35ac989141eaa7eceb57765e5bce44360af8372	wave=	player=5	sileo=	webgl=3	progress=22
855484	145f6b5ceff0227c93632009f573d922655c3f3e	b450e8759f0488bd9090340e79689697521f5c99	wave=1	player=5	sileo=	webgl=3	progress=22
797750	161fec3844c842406bb69ddf4e5293a9ee62732f	753359b1e8e089995750090cf7a77e7064abad41	wave=	player=5	sileo=	webgl=3	progress=22
823254	2bffbbfb8e724aa68e5de73e4b8394bd51cdf44d	d969e51bea7b9bdfa36e9878b97a64f64f81dd97	wave=1	player=5	sileo=	webgl=3	progress=22
820131	2c5fc9276a77372a712b32f22d4f3464dfbeeeb4	48db275c175ace96dcbab66b655ad489966235cd	wave=1	player=5	sileo=	webgl=3	progress=22
811682	409fec221e866ef9f4962b9c2c0d41a22372403d	3dee73ec4621217ec7bfec2ad31172eebdfca0ab	wave=	player=5	sileo=	webgl=3	progress=22
822919	519f52e06f50a406846cd3aa0e3a45a52b3278bc	5b1c40173584daccc5abcfd5b4397ebfa32ba035	wave=1	player=5	sileo=	webgl=3	progress=22
843071	671f12f68d5a7e46ec44d8c9d9287ff0678f9cff	5bbe8f83850fbe475d277383bbe2ca8a06a5af63	wave=1	player=5	sileo=9	webgl=3	progress=22
852564	81df3beb76f6f08a5ecb0ba68b1e80553a364c4b	27c4854fe50084e9d1ba05c764ccccaf2229abd1	wave=1	player=5	sileo=	webgl=3	progress=22
842687	95ffb03188e1a1dc50995163f8eafe4a0cf6fdb0	c76e02d07f16a55d7e0fcaa118d62cb25c92c2b7	wave=1	player=5	sileo=9	webgl=3	progress=22
842283	98ff9e403c53ddd1b8023c33122e1a7752629a28	0a9291479dbef577b11cb2b94dea160b2cebfd2e	wave=1	player=5	sileo=	webgl=3	progress=22
826668	a09fc355badd5d020da28c38d0958ad0e5641eb1	0098c5383662dcec743066bb5ca7fb332aea1b84	wave=1	player=5	sileo=	webgl=3	progress=22
836697	a39ff3c568242c0a6d598f89725cd24279ce9a27	642f083ae096231cb1d8557c8269b9eb50e95de9	wave=1	player=5	sileo=	webgl=3	progress=22
788529	c63f6aa2623a404827d743df1dd887ab97fdc8fa	f512e39dddb3f6e5832ffb4cc6d0172949595c37	wave=	player=5	sileo=	webgl=3	progress=19
808024	d3bf3baaf0c8a5a07e9bdb61f9e0884be2de9a08	4420a786ac4f5aa400f9f83c3d9c50aed0c585db	wave=	player=5	sileo=	webgl=3	progress=22
816738	f8bf85c9c332200263d2c7d0fed8d6666aeeda0c	7e0ba3df6c07f63550d412f795a32330fb26c504	wave=	player=5	sileo=	webgl=3	progress=22
